archetype,budget,culture,nature,nightlife,relax,adventure
Culture Enthusiast,0.6246241415113647,0.8131865285874699,0.19214516623154296,0.2594611275218172,0.31366923505023536,0.18528133309178568
Culture Enthusiast,0.6014747146452314,0.9778065364289337,0.25681922557525105,0.137735621967815,0.3156676204078145,0.12173017779079745
Culture Enthusiast,0.6326602204571578,0.8137933116609727,0.3823324509860515,0.23780779859304346,0.32048237874511004,0.2786152787156411
Culture Enthusiast,0.7332379555570061,1.0,0.15273006149346835,0.09763384266114389,0.2500145137843457,0.2020872840168667
Culture Enthusiast,0.6414127216375298,0.8919404949477228,0.31494134115816624,0.1395693654117342,0.25107857576064413,0.08746711225214222
Culture Enthusiast,0.5261413403111276,0.8418652315506933,0.22193013976181336,0.2842913437286272,0.22404808889344455,0.4105905651869913
Culture Enthusiast,0.6394654320704711,0.9647868898955899,0.23133137758550293,0.2560247903527193,0.2539489739009781,0.20976078517162894
Culture Enthusiast,0.8048067630615036,0.942315208022028,0.39194186610285403,0.14374588598992902,0.29720092076024307,0.3416640508508408
Culture Enthusiast,0.5498426353769786,1.0,0.35662015483643805,0.1550026579284586,0.3505926191244417,0.27780435597013836
Culture Enthusiast,0.6497447969773756,0.8243820224087635,0.2418290259340105,0.18019850915587962,0.29404532567199626,0.24965376780405424
Culture Enthusiast,0.6142160800746603,0.8431724513031918,0.33041582808047704,0.24884685962270586,0.34478323583448317,0.28646245804436976
Culture Enthusiast,0.6667137723639123,0.9867344063382749,0.29438674308330826,0.06712312531872074,0.3343694575306069,0.2166150149730489
Culture Enthusiast,0.6217263069756298,0.8478601139343752,0.213515476767339,0.2842522282666323,0.29683558769146756,0.25452005578980996
Culture Enthusiast,0.6022654700904367,0.9523804911596594,0.3750627044780798,0.1587164217426101,0.30768966215527865,0.1630179769035966
Culture Enthusiast,0.5652403018054147,0.9252662301225089,0.317770701730697,0.16170011026692185,0.40046049004588163,0.1284314158224397
Culture Enthusiast,0.5850502684670913,0.914821515338066,0.4157582307482986,0.21572438212092598,0.3825475631574908,0.08115517015704225
Culture Enthusiast,0.6213640212695407,1.0,0.30658271914203394,0.2852384300052281,0.2586169239919702,0.3127477952148464
Culture Enthusiast,0.78391184988954,0.9209729151648273,0.26435979828793826,0.3162707581694161,0.42636577165845696,0.15817119782773856
Culture Enthusiast,0.5663850546323314,0.9274572312911593,0.1924439591172578,0.12650784428126416,0.21966873865983455,0.13857619479166974
Culture Enthusiast,0.5972252090090575,0.9687371786029215,0.42404003942512614,0.12013167674089673,0.3787457918781267,0.1828808924619593
Culture Enthusiast,0.5960429032278053,1.0,0.2101822382750161,0.23059277969472405,0.3133161766570445,0.2393961011206519
Culture Enthusiast,0.6231334915126254,1.0,0.24898080125989472,0.1575202435998546,0.2501487578860188,0.15556183046717964
Culture Enthusiast,0.5490090298154786,1.0,0.41364033983918835,0.1543402965000419,0.2334115541516617,0.23771324451091233
Culture Enthusiast,0.5558221564575222,1.0,0.316233841668104,0.07874047080022145,0.4238004161064049,0.34367021384764174
Culture Enthusiast,0.550976904761249,0.9189838752051213,0.3228692312579924,0.22675654319896202,0.35268354181382644,0.360816363101308
Culture Enthusiast,0.585844221800476,0.8861362204369236,0.18965446175883782,0.1415255968046465,0.29734984217009625,0.34356462908142305
Culture Enthusiast,0.5585910960771062,0.9679030361311118,0.2986861683141798,0.2950714618758467,0.5021545940698897,0.15753049816637435
Culture Enthusiast,0.5608448445985422,1.0,0.3545513191701049,0.3477365860588827,0.3467142548260771,0.17125663273703526
Culture Enthusiast,0.6472523864553847,1.0,0.3656385744957891,0.24058192248858384,0.3853339751671323,0.29354364723565385
Culture Enthusiast,0.7105727192830021,1.0,0.2866305535746516,0.21173709491466583,0.3965207173206685,0.13464514632102112
Culture Enthusiast,0.629493864709832,0.9185328950138111,0.3022995858347854,0.3022761490085839,0.31528792544159223,0.2037149238524919
Culture Enthusiast,0.49121150872160646,1.0,0.351638734491286,0.37306037786443685,0.27537774120375996,0.21753202621311513
Culture Enthusiast,0.6199506946968604,1.0,0.29237635740904383,0.22232172206162715,0.34863172077732313,0.21492872985250866
Culture Enthusiast,0.5642853108359577,0.9655271994318646,0.38589053998878176,0.11787877604711519,0.31063757393175007,0.14399033480486614
Culture Enthusiast,0.6956037303139874,0.828145047617298,0.25528625221827295,0.23017695000516167,0.42524192233874725,0.194739979114161
Culture Enthusiast,0.5555840378645441,1.0,0.18415888796670046,0.024095523470393454,0.3352011560042666,0.15983566205179112
Culture Enthusiast,0.518301374629543,1.0,0.3195040571016959,0.15487370954106175,0.19757564810632844,0.2697965862624116
Culture Enthusiast,0.6520160942366928,0.9420659308976493,0.44773095968381327,0.1143932186939078,0.1779579863260209,0.14464735440950047
Culture Enthusiast,0.5963531186915602,0.9694671559458153,0.2807011153714936,0.22816443172114376,0.19987684606476444,0.3155011683258608
Culture Enthusiast,0.5934279057285945,1.0,0.32741802771021633,0.23654025753230273,0.3455813824185763,0.2358166848013852
Culture Enthusiast,0.6514178207894035,1.0,0.3157216935761176,0.256720300607081,0.29282114445702184,0.3152093772359578
Culture Enthusiast,0.5458886158352584,1.0,0.2967873639484525,0.08553799183055616,0.31024835319286315,0.14551586740200953
Culture Enthusiast,0.6672514839190979,0.8977900816558086,0.2643053253428176,0.048836741524357526,0.26381549446007385,0.006089653869683474
Culture Enthusiast,0.4732877741211421,1.0,0.3628640126920666,0.23403660494279718,0.22264190854966295,0.19618309150864163
Culture Enthusiast,0.5997117968727546,0.8573308248645966,0.420271864141372,0.2701889832460537,0.2823228660936269,0.20215086711956248
Culture Enthusiast,0.6166706246358041,0.7866612105260568,0.28022580939835223,0.14544126016017614,0.21987039920840676,0.17751197656912363
Culture Enthusiast,0.7438149221479617,1.0,0.25430568081737626,0.2458066225084927,0.41194843492688016,0.27397069463302154
Culture Enthusiast,0.6047704295936139,0.898245057783554,0.3558578650890872,0.23147883083374,0.3716154576022186,0.2508137441345576
Culture Enthusiast,0.6839642172255468,0.9071811830751545,0.40539152525074607,0.21580796837539198,0.4660208698100212,0.1448649745528346
Culture Enthusiast,0.73887710425322,0.9658328626770117,0.2478865597108441,0.16128913327565428,0.2743722153444544,0.23393327571215333
Culture Enthusiast,0.64182683904284,0.9041039996849136,0.2980516326191214,0.3713816286889491,0.4382034536080569,0.23490589357392258
Culture Enthusiast,0.603040278253456,0.9596025061374609,0.3490814378184333,0.11817659478412756,0.2794098770061324,0.06651327408979282
Culture Enthusiast,0.6319378498084223,1.0,0.2613450830160501,0.3259189410632026,0.2019387469598127,0.08285000958321441
Culture Enthusiast,0.6179561454847977,1.0,0.43471421531662946,0.1632892589704848,0.3862944666745036,0.19691932243994342
Culture Enthusiast,0.5861898160047344,1.0,0.35218583027307354,0.07388862744126005,0.41812322797807167,0.31040730833179614
Culture Enthusiast,0.5499549838792376,0.9816642826749927,0.3395224149026191,0.2208539012659126,0.2559755876923664,0.14627013056495589
Culture Enthusiast,0.5979556743206843,1.0,0.34348801236755455,0.17035085343311154,0.3617358968518676,0.0
Culture Enthusiast,0.6919012560297683,0.810822897697752,0.27100472468774944,0.1104264084299085,0.19642548194232753,0.2928661429902816
Culture Enthusiast,0.5625839038950486,0.9777203105384572,0.2962463536896653,0.23816326617784972,0.3061457512848204,0.09736062206491444
Culture Enthusiast,0.6797013455557712,0.9104994733470949,0.1754734481072199,0.165750787122727,0.42006078325074486,0.26801773936907947
Beach & Relax,0.47210782924737127,0.1720593836545257,0.5742691959026094,0.46613983868486725,0.9805548361785242,0.23440333177528558
Beach & Relax,0.5824226763225474,0.2191031327221211,0.5792766283343437,0.2842920120732017,0.9442718992468748,0.1970222210792127
Beach & Relax,0.5582103634909584,0.20415567086458397,0.6586112061772463,0.2935426735913134,0.9562908152252872,0.040143945237431394
Beach & Relax,0.5733062139761985,0.22771907807183941,0.6798408087887722,0.06829956974450484,1.0,0.1888328297475861
Beach & Relax,0.5886546253390014,0.11680752582995754,0.6490219124050055,0.2157267549461075,0.9000984831443355,0.3531225083093429
Beach & Relax,0.4847454079389323,0.21739462985437785,0.6696054184551002,0.33965455103780834,0.962033512411486,0.22919688019729803
Beach & Relax,0.692273246819062,0.19539049623731317,0.6160879237371973,0.38405235168060897,1.0,0.29496242444483045
Beach & Relax,0.5510984177623348,0.10855960698156132,0.7306745225840876,0.20829236855850494,0.9742108372191226,0.13965793199845136
Beach & Relax,0.49486893227256057,0.22630099282427846,0.6257085772360218,0.33375366033882276,1.0,0.2362827441211184
Beach & Relax,0.4804674691767481,0.27712697346306864,0.6951576391139712,0.20179137478904058,0.9977920055879886,0.25609381938487186
Beach & Relax,0.47619491973120065,0.3100565450649296,0.5879955530373978,0.3100461162777234,0.9361542540572904,0.2012463238065174
Beach & Relax,0.4122979930483838,0.08479592939245646,0.7275604050579978,0.23224309213453376,0.8706886120434953,0.027728790911702824
Beach & Relax,0.4488830601848398,0.09415281652740012,0.7313612128109095,0.38078536714741074,0.894947972385782,0.38019486442754474
Beach & Relax,0.5785412389593275,0.1740134893193102,0.4000475428101142,0.4832754058072593,0.8388342026589123,0.06836810024344867
Beach & Relax,0.5818056345607712,0.3951801925071418,0.7107418254808414,0.34511272960418876,0.9975803473332229,0.26827324470242464
Beach & Relax,0.5607142871829413,0.22249531391755006,0.60833608831615,0.2949925497680382,0.8896828328906659,0.17754599385065808
Beach & Relax,0.36456345486436914,0.19213282985642002,0.5209127114279266,0.21171285462273828,0.9643915320922782,0.31136018290756795
Beach & Relax,0.573465328480185,0.07435995171014581,0.520829749074373,0.37526169503905726,0.8714010085169351,0.18202934800023804
Beach & Relax,0.5440041679219642,0.12253244361090919,0.6084300404916768,0.19327796040654363,0.9018905884839028,0.22558255473140298
Beach & Relax,0.37256050131746643,0.23523797903683194,0.5984289760858654,0.3441991963533718,0.9679131307251728,0.3091312343979076
Beach & Relax,0.5100179602118325,0.16564755670997977,0.6097838002425827,0.34346384232291105,0.9539088056260563,0.2032473352963106
Beach & Relax,0.44384066497545954,0.14696792659592414,0.4877915782560245,0.43996613945495516,0.8504909411686972,0.14456758417632742
Beach & Relax,0.4425274187544642,0.2715939501555553,0.5764040257366377,0.3998193658138987,0.8961207500604905,0.22231953297790416
Beach & Relax,0.4331722357392194,0.37161193022187106,0.5049921264776389,0.3247856568181622,1.0,0.23310392779611988
Beach & Relax,0.4851769872897833,0.18961434402132593,0.6035049177583287,0.2882398398697209,1.0,0.3768418401273081
Beach & Relax,0.4554006571993733,0.09041576163367376,0.5929374361318996,0.5063767470123455,0.8857060345624215,0.3311293444355254
Beach & Relax,0.6342160651261153,0.15571294066336044,0.645518646334822,0.43027172985028306,0.919669780721001,0.18371357119181106
Beach & Relax,0.4534655268841085,0.11881946154457065,0.5480577963947194,0.20208477865901947,0.952726677460738,0.1384021415153087
Beach & Relax,0.5187028729432598,0.07552834830370983,0.6264704185771566,0.36668231692871395,0.7905011485942836,0.2299245255878058
Beach & Relax,0.5982135193978634,0.10322871850470357,0.7338057909470163,0.3335215207492836,0.8935990515393273,0.19553847378738354
Beach & Relax,0.5446661530017378,0.20608043131299292,0.6431004793957095,0.2263461125536507,0.9635488659228862,0.08690284024760159
Beach & Relax,0.491101915092104,0.12768738868281684,0.5411576045928187,0.398887454016835,1.0,0.24873104967257417
Beach & Relax,0.4126149788261937,0.17468732402441586,0.6970478159983347,0.31133735309119237,1.0,0.23146542715154977
Beach & Relax,0.5153639293192025,0.1752706828637999,0.6106832723825826,0.2878024130895565,1.0,0.2765361853435667
Beach & Relax,0.43712084315936406,0.09350136371537776,0.45310357015173625,0.3406393061530035,0.8617306715060901,0.027768752563801378
Beach & Relax,0.5310862883624772,0.3994399613946233,0.5995143270768085,0.36707926195613133,0.9565463486838052,0.1920888277447086
Beach & Relax,0.5735261186390215,0.17677803646490792,0.6213913851257522,0.32573582449568106,0.8965527637085561,0.2793633879629218
Beach & Relax,0.4860032194643673,0.13954038724057244,0.6429207874856323,0.228122561456717,0.9522544925895302,0.19927048026846372
Beach & Relax,0.5868716452665262,0.23797585863039625,0.5979978433003884,0.36542130393602296,1.0,0.24462482450814899
Beach & Relax,0.5008282095874704,0.09505310141198725,0.5147909069539701,0.2755820236516266,0.9012390238272573,0.18504229576116432
Beach & Relax,0.5045319939917686,0.24237542034853848,0.5943600977552727,0.3389201315060961,0.9551579531848096,0.0419626746916903
Beach & Relax,0.42485316849449967,0.18847299554227076,0.5032244205727113,0.34799429839969637,1.0,0.29750094813578537
Beach & Relax,0.48292457032558334,0.3192580909479962,0.6118933965761689,0.2730331223105568,0.9009277869167248,0.17580242508094973
Beach & Relax,0.4689458545167017,0.21363329779003903,0.6128459184839892,0.30024368161227316,0.9849550535797079,0.29525170198290734
Beach & Relax,0.5759643308353058,0.08120816252400773,0.3956863092078436,0.3747455928991419,0.8406497041267663,0.18201876784858534
Beach & Relax,0.40639095791525126,0.055841564993598436,0.643317018256383,0.36073241282421176,0.9038791679418624,0.0
Beach & Relax,0.45630044413980136,0.23134432043220374,0.4816870744980697,0.31466879358233246,0.9487752120661603,0.2463433199680871
Beach & Relax,0.5095664294731322,0.12215448472947557,0.6957257201331593,0.2873176341578424,0.9478156368392054,0.12533856327414433
Beach & Relax,0.46453741990467917,0.12921578287784793,0.5861643152061261,0.4369366784113875,0.8402479085654915,0.07091508816986072
Beach & Relax,0.6176936261994886,0.18325410582785073,0.5464741809072067,0.3831923749916861,0.9015507568210508,0.3460807770837549
Beach & Relax,0.5542340697071415,0.1609670873483438,0.7725846570612402,0.2515428061597329,1.0,0.22394340643251937
Beach & Relax,0.6041393031519039,0.32492089573814825,0.6025603319252613,0.2397265703723053,0.9867977714351293,0.1457827704198315
Beach & Relax,0.6610709798021298,0.210922826486619,0.5707742758950313,0.3147744244691927,0.8422298968376243,0.12227087691914788
Beach & Relax,0.596033112635554,0.14744845768228834,0.5162471213854448,0.3429322202021829,1.0,0.25751626485320533
Beach & Relax,0.5796838148644653,0.13945639291444314,0.48625514666065245,0.4201066921564389,0.9241856128926291,0.17993335868359622
Beach & Relax,0.6062555313479246,0.2444984007520528,0.6364710217665286,0.4732001875920867,0.8985185415695885,0.274227210246499
Beach & Relax,0.5045610499917668,0.2214873823090606,0.7222774741130025,0.34062686050316987,0.9930636863239706,0.28580058698478417
Beach & Relax,0.47080378163656916,0.1328632266128795,0.5164152644783173,0.14269147284991984,1.0,0.11174333074226536
Beach & Relax,0.4822997101131382,0.17785493600888636,0.6245925358247281,0.3652589770031437,1.0,0.15335380491448494
Beach & Relax,0.4866302628970871,0.222606396039064,0.5801047099053163,0.4285876460815994,0.98927799613106,0.2587902228839854
Budget Backpacker,0.15303050149339303,0.5938779085988259,0.5144817246962966,0.49625344416353223,0.33197503614021134,0.5478914484966536
Budget Backpacker,0.057710665460019454,0.5469091215004075,0.5990626457146908,0.601701726138885,0.3247066410079171,0.7361771955708191
Budget Backpacker,0.11926025435908547,0.7081346491344316,0.5452407716505235,0.45913897926753455,0.3602673296883626,0.6304926707906222
Budget Backpacker,0.20318022032661967,0.5538545081015966,0.48892352128129807,0.5020561410968507,0.283278139417118,0.531958363663256
Budget Backpacker,0.05355812401562219,0.5470862723536488,0.6335923603481125,0.6315737223858384,0.20432935503718525,0.6355682134576113
Budget Backpacker,0.1957305189316521,0.4512173676544494,0.48927862666616656,0.6011750555783357,0.23720813495342077,0.6518624347075087
Budget Backpacker,0.09032414811137748,0.5335625955125622,0.429000625775832,0.5650033359741271,0.3577905086262217,0.5701733478326586
Budget Backpacker,0.2381571080986724,0.4680291051508318,0.5179747780601509,0.6746072665498472,0.18653074136535744,0.4591352950415379
Budget Backpacker,0.0,0.6010067282741746,0.45585134832860424,0.8046559428534602,0.2548601921074089,0.6147641042557629
Budget Backpacker,0.22336879620543007,0.6604874310527299,0.6649202861309118,0.6966692984474514,0.381925002064917,0.6474021559360946
Budget Backpacker,0.16226888609333104,0.45590514269371735,0.4345440893262154,0.5997300434071238,0.2863852301980057,0.5637417560538179
Budget Backpacker,0.15571099579653724,0.5764244166856408,0.5070725509033478,0.7182024064844209,0.2086648708693196,0.5845072432576225
Budget Backpacker,0.04265421435177561,0.3506770706341552,0.49338554513258404,0.5902601993293373,0.4210759794593705,0.6504649347643822
Budget Backpacker,0.01806505405366361,0.648327405306735,0.5976826956420282,0.6465678162774893,0.2818812720920134,0.5232448610621216
Budget Backpacker,0.07022345791431578,0.5870998895763349,0.6507669044747687,0.723459482261775,0.26089204625709805,0.5104306053368791
Budget Backpacker,0.11127089975289632,0.35852485075497187,0.5258534171347825,0.5881917930961065,0.2627170798505406,0.4724237546186563
Budget Backpacker,0.14108800852557732,0.4573839328270471,0.406406653143177,0.370219022937468,0.29779880759594907,0.7417801277335795
Budget Backpacker,0.2329007371638296,0.4634322994730983,0.45182303517105754,0.6375019404860018,0.22012916486493667,0.6241433519855573
Budget Backpacker,0.16128642227077522,0.5981546579107446,0.4919876738816038,0.5837060999858427,0.2297613930594751,0.5338495716768111
Budget Backpacker,0.08188168864787787,0.5293892405452942,0.5730867700986599,0.5357456839455724,0.4194150855167617,0.5783101119165944
Budget Backpacker,0.09829061645212511,0.44022306566817415,0.30606077917816465,0.6707236317088839,0.35894751176739464,0.5774937954305429
Budget Backpacker,0.10535925737798976,0.5412751374163279,0.37499633144907657,0.5576757858122964,0.36354117436974615,0.49965684614646
Budget Backpacker,0.12348463457333035,0.3914734556301276,0.5373143985946821,0.5971486814162013,0.17078945472755924,0.6931791483565737
Budget Backpacker,0.04123267385615609,0.4351798050388495,0.5160455357784755,0.6918909879542972,0.21873425448172823,0.6049343879878377
Budget Backpacker,0.13430532002644585,0.5554484485810516,0.514115324422178,0.5706377728733342,0.2337927823481024,0.6068915106437099
Budget Backpacker,0.014228879041151452,0.2662919613204314,0.5349247843326135,0.6723147872868956,0.11096540515665292,0.5192215436232049
Budget Backpacker,0.14953234088041584,0.6645996375769359,0.5016634966140326,0.5417597647016692,0.2853682847116128,0.7099901135318548
Budget Backpacker,0.04832286567003718,0.4360646394679797,0.4613805182254374,0.523733711339303,0.3098136252795836,0.7299742766775649
Budget Backpacker,0.12584634184928234,0.479811719829897,0.47665509848675647,0.4749447353042674,0.3706487821717727,0.5937730242389758
Budget Backpacker,0.08556160691274996,0.7554486054275888,0.5239002326692549,0.5398567159923853,0.2658913923035565,0.6918756567357404
Budget Backpacker,0.10906163284302116,0.38493776173461064,0.5735383147660162,0.5465484731568805,0.4498638220974036,0.6864038452571719
Budget Backpacker,0.06421424834729991,0.602481308938809,0.5054284408421923,0.6682218940097776,0.33877862538355796,0.5322914676007301
Budget Backpacker,0.04851601341460306,0.5823968654064929,0.47321797343147676,0.5677081229406402,0.22359019365205174,0.6338879252474768
Budget Backpacker,0.2650019935394516,0.41459736685965815,0.5019375565338207,0.7129776444332343,0.29362868870034275,0.6361897436999787
Budget Backpacker,0.015008517748249628,0.5342645677766119,0.4850284587996361,0.678858399654389,0.3949908841251801,0.8071650913614891
Budget Backpacker,0.14637065385708606,0.5260637053265733,0.5155507441261868,0.5717466965751449,0.3270787074769353,0.5763678871888777
Budget Backpacker,0.11347687810156915,0.6054078028486368,0.4194765947776287,0.6911902848903236,0.40536920538718924,0.5905545178407137
Budget Backpacker,0.0,0.4513742410324454,0.6037595637248887,0.5981705550160894,0.22005582141640712,0.5596180063017426
Budget Backpacker,0.16724960212036424,0.5437386854561104,0.4808854320664244,0.5706540470548249,0.2686593480764942,0.5262071852401198
Budget Backpacker,0.22923005515755535,0.4742143624630928,0.5973726816660397,0.7217052841537961,0.3798648718518368,0.5654703749825561
Budget Backpacker,0.13229840722692876,0.4980643514887267,0.42770385114158976,0.6259487425377283,0.2056768167072158,0.6950143510769251
Budget Backpacker,0.06283061621612857,0.5160927724698271,0.5226630297236914,0.5792876021036738,0.346935504118022,0.562007707470198
Budget Backpacker,0.16970378379657955,0.3923216255802601,0.510110366363713,0.7551143199246627,0.219973494031554,0.5457804023580118
Budget Backpacker,0.1411126279727132,0.5143665425551678,0.5280504079418847,0.6391349704118131,0.3507777174849416,0.6887759873564978
Budget Backpacker,0.13278549255428101,0.4806993876305166,0.5538058960962184,0.7519905547916171,0.2893893002893941,0.5220376556263486
Budget Backpacker,0.18856645354295784,0.4903695068837121,0.3261864363188771,0.6677937341720337,0.2571737451236862,0.5927573374156672
Budget Backpacker,0.1265584264455212,0.5152399743823254,0.5567561453711232,0.5651610903544125,0.3410484638540866,0.5792362657932866
Budget Backpacker,0.15910483847100024,0.5492293987210443,0.4251649038364324,0.6868785692940026,0.25712292439087614,0.6646446238624916
Budget Backpacker,0.12938298507210724,0.6470546941436098,0.4821227214102518,0.5720546563105442,0.29844643152898137,0.575745617373258
Budget Backpacker,0.163995352155364,0.37069515132507297,0.4157054064682916,0.5145757662736645,0.37602460735788606,0.736849069806554
Budget Backpacker,0.09164406251700229,0.48649426214479913,0.5056041730490545,0.6929502642086552,0.22581174926475406,0.6190695186187828
Budget Backpacker,0.17801581038259437,0.5400875335951876,0.5151665293278995,0.6800836874053713,0.08374141656006101,0.6542300255624726
Budget Backpacker,0.047673945349806096,0.3535493682514834,0.5408962079619984,0.7098926836130366,0.28900411882978466,0.676229963776235
Budget Backpacker,0.22898226063909163,0.6051931562867238,0.6311971623497115,0.6593701992857514,0.3060346911121274,0.4718427350482265
Budget Backpacker,0.08031500094960413,0.43254027237470466,0.6736754173998251,0.585929135005413,0.3098563845427588,0.6441188300832373
Budget Backpacker,0.10348819570979631,0.6356040832344603,0.4501880510612438,0.6155685964189794,0.24060235314415612,0.4943981991023435
Budget Backpacker,0.05105847272757717,0.49703705623612704,0.4656558220386192,0.5446063216100915,0.18749460290625328,0.5933515541897044
Budget Backpacker,0.0,0.5608044770951682,0.5065951802347602,0.48339588004280554,0.2752632738360109,0.5398274875527533
Budget Backpacker,0.12553396083353444,0.6072360356818516,0.34998620242834044,0.6092020863317934,0.28718937635466874,0.6537072061160372
Budget Backpacker,0.11705573025901514,0.43984245346089446,0.47447568514667054,0.5363179314557208,0.38608057108788785,0.6017049318937554
Luxury Traveler,1.0,0.5951471348948303,0.24332745864716296,0.27890284859097386,0.5557488258995243,0.07326912455956083
Luxury Traveler,0.9713701320809186,0.6406980018583947,0.1735047438374293,0.47160306512608924,0.6613551158653248,0.21174344095884395
Luxury Traveler,1.0,0.6717471452692425,0.2785175481675334,0.328704621966777,0.5278547678936556,0.1424677344606064
Luxury Traveler,0.9331095808937844,0.5210256378279052,0.2894994426326156,0.40614815063670145,0.6820115214553537,0.14799979353412324
Luxury Traveler,0.9634923737573382,0.6353552519655526,0.2127680738045723,0.5128745903797016,0.692112949417259,0.20150796983558783
Luxury Traveler,1.0,0.6186572905010801,0.3762509307130596,0.42296993321614595,0.6510050100287649,0.22892028201648815
Luxury Traveler,0.8585019034143471,0.6086847764621218,0.2973416007484431,0.38335065141819685,0.6897169990848855,0.04945207636018888
Luxury Traveler,0.906102007380723,0.6074275920912892,0.312788511359792,0.3177859887259234,0.801256627269176,0.13070601214283997
Luxury Traveler,1.0,0.6341755489497347,0.24830181521249575,0.542024871408761,0.6045090534594816,0.27353233388880016
Luxury Traveler,1.0,0.5463503832738684,0.4113972240051463,0.3799962788320838,0.7230954903423885,0.22082574710169767
Luxury Traveler,0.9392553006823561,0.6648646618527826,0.363479097644177,0.26011744214094557,0.8043472194302521,0.06700064095714606
Luxury Traveler,1.0,0.6901364109462066,0.21272268558278412,0.36713485696363324,0.6115436265211251,0.1828063175769012
Luxury Traveler,0.9253572572651406,0.6623728425815472,0.4048246996895687,0.5116547048631965,0.6550265578737358,0.18326225010043778
Luxury Traveler,0.815324944622324,0.5355303946803048,0.3771881306477966,0.5292466258838585,0.6012520902496062,0.15260285926776848
Luxury Traveler,0.9478875394432857,0.6224128927055684,0.2352317184062683,0.4339248835571272,0.6620928522343267,0.1988438183297377
Luxury Traveler,0.9937027398402959,0.600513781584875,0.2650891287578745,0.39123121568593355,0.6929309632635732,0.17039911760942977
Luxury Traveler,0.9292963149866318,0.7278917736403774,0.3448735558352991,0.37636157455766717,0.7557563523608588,0.17329444081951922
Luxury Traveler,1.0,0.6295713753758475,0.2914158284796617,0.4358173540648222,0.57432990783452,0.10985860248721559
Luxury Traveler,0.8544859994880756,0.6114354475810965,0.43860119995880736,0.5785040116954107,0.7510440881152606,0.24006755799555657
Luxury Traveler,0.8059153812677808,0.5565860960212783,0.23697729984734087,0.35033219213991074,0.6865484945132168,0.16223275378422983
Luxury Traveler,0.7916560151699369,0.6598328204894027,0.21418055794081547,0.41913974912889196,0.8659266135799978,0.12644923267308614
Luxury Traveler,0.7475769981802936,0.5771196622495911,0.3880767707998857,0.5566677963376475,0.6016360324438066,0.23973593785892175
Luxury Traveler,0.9127751634575957,0.5915241316556691,0.5115474677613627,0.27976237372838775,0.7202991729195658,0.23741545374123466
Luxury Traveler,1.0,0.6078386522776716,0.3246440431603282,0.36866811460625676,0.7215301552996085,0.17254461796020718
Luxury Traveler,0.9997257511884841,0.5704311731165093,0.3301680315121749,0.39765897490520175,0.7900840200617734,0.1958885021129211
Luxury Traveler,0.8081574025434495,0.7009537200571193,0.22754141593099048,0.3476986929080944,0.6523470964765206,0.3099550474536654
Luxury Traveler,0.7791460628817043,0.8510198826927996,0.38448454472528415,0.4178591131303328,0.6956084799506971,0.22284432598861256
Luxury Traveler,0.9916897942703471,0.6516172468760045,0.34444835728027584,0.40716645450041994,0.6842129263754139,0.18789813730771907
Luxury Traveler,0.9344073375717855,0.6907016077493652,0.34748453778246896,0.1647689092268576,0.7524720621223808,0.215578895577502
Luxury Traveler,0.9485032994843282,0.5689185237528891,0.38992901759888104,0.47580211696982866,0.6381697865741113,0.2325641829699628
Luxury Traveler,0.8722674612366971,0.48963054681688556,0.24986262203280277,0.4689914777906207,0.7762500036300869,0.24104683360778345
Luxury Traveler,1.0,0.6412942629691967,0.24868147238216382,0.43455380357391526,0.7640327620182146,0.26034330638508596
Luxury Traveler,1.0,0.6566643077760851,0.3281158566033266,0.4856120190653142,0.6978782992600752,0.12945002790178256
Luxury Traveler,0.9369546428844988,0.5404077884154841,0.24598573800204945,0.3884385063427586,0.6366064063200031,0.1753630776288768
Luxury Traveler,0.7985108266436971,0.6170634965898351,0.30009643802897795,0.3346329095145448,0.7527396534745924,0.27500561101012466
Luxury Traveler,0.8213952108504821,0.5389820177147029,0.23846861201701613,0.32480775191129085,0.7663579873545399,0.18449390889817574
Luxury Traveler,0.9288388126951511,0.4396910108474597,0.3508334424167381,0.3008593284117222,0.7047946104213062,0.22219015503665537
Luxury Traveler,1.0,0.495294368070471,0.05843902753433396,0.4147079635802956,0.8440408945208683,0.299115708235155
Luxury Traveler,0.96677275322197,0.5606691051494362,0.3645698077309848,0.32211630402364255,0.7381086215484974,0.24043761273333014
Luxury Traveler,1.0,0.8207728031128863,0.33139327737430135,0.3592829099434001,0.6979540550246404,0.058473927608870546
Luxury Traveler,0.8944229495128753,0.5672574049509517,0.2580729281652326,0.4121883897626978,0.6342064054094239,0.2896824533859577
Luxury Traveler,0.9500165651934558,0.5992559743089099,0.27376842267896656,0.41241525470871837,0.7660078611734107,0.130629582743128
Luxury Traveler,0.8973506808739794,0.5757019176978668,0.1923303261221428,0.3344593712222802,0.6619023301164273,0.2699511344570182
Luxury Traveler,0.971004906320154,0.6154871929094036,0.36807183697343776,0.3890102569280483,0.7312371879943111,0.19174225976540032
Luxury Traveler,0.9712289879519702,0.5533793073910734,0.10489462733788565,0.3892576670250957,0.8138198508879951,0.2740972321793274
Luxury Traveler,1.0,0.6988904577444974,0.307092607276915,0.4157852565924477,0.650587848365252,0.17471417151783603
Luxury Traveler,0.9992616919816912,0.6963107549735053,0.28884429794552,0.3639848588118871,0.7000422367085277,0.24809653991432923
Luxury Traveler,0.8344916147093167,0.4163055237490209,0.2559570520406733,0.3023430059268673,0.6593487841882151,0.1881775744946023
Luxury Traveler,0.9137401272781589,0.7161974027576596,0.3261395811681856,0.4240379487688663,0.7497765715234721,0.10889335057753848
Luxury Traveler,1.0,0.5939388570771632,0.353638449379297,0.3142514213567876,0.5756992987187148,0.2654311726420023
Luxury Traveler,0.9801127620878013,0.5278358756513991,0.23042695349802444,0.4900347827531816,0.6048470485706138,0.3314138362604771
Luxury Traveler,0.8779503412281705,0.6510713540486707,0.2737105219400812,0.44825499448658745,0.6564708798308645,0.18697656751421649
Luxury Traveler,0.9532735340316576,0.5198250035374822,0.35926594763361,0.35894291468227324,0.6817120067727984,0.12045205003131904
Luxury Traveler,0.7450133072963752,0.5847177789919864,0.49300923372903327,0.46276834303184194,0.6984591696212484,0.1789687336633386
Luxury Traveler,0.9517972714249636,0.6437695292140168,0.2055349747752924,0.48914573557350977,0.7572305052352994,0.25745485805663476
Luxury Traveler,0.9850780591047782,0.6015693326155191,0.3538288988773456,0.44734513069931026,0.671676743124718,0.15411185816824793
Luxury Traveler,0.9581485036209589,0.7239216121196149,0.20087143394768792,0.2825979787398048,0.7131808672989213,0.20407101614848144
Luxury Traveler,0.9638673331496326,0.61951625583268,0.2821438196292156,0.5191890750881666,0.5719276817218787,0.13372023801758032
Luxury Traveler,0.9417396191880761,0.4685448951076666,0.2859316476454343,0.5329176132582415,0.7016709190636768,0.21845607245749468
Luxury Traveler,0.8491868187861935,0.5506910873568418,0.26998428957408505,0.3745827922595013,0.8025315036003015,0.24461528485800998
Nightlife Seeker,0.41108336344503743,0.3197203822745604,0.23985773987974282,1.0,0.3264432549254699,0.4187924646537705
Nightlife Seeker,0.43513139910317294,0.1993937712868307,0.1812784112714415,0.9873086699557067,0.2789867613271282,0.4939239181085982
Nightlife Seeker,0.4744121981396125,0.3121406393798992,0.13318856786959818,1.0,0.07138711783055532,0.514779246311658
Nightlife Seeker,0.6618884975383712,0.30054398756479983,0.18479687719988044,0.9214043661751657,0.18556866545900738,0.6098278779741224
Nightlife Seeker,0.32305104709363947,0.422674696103706,0.08608342780398841,0.9286678136612467,0.16566044637610705,0.5470842615816576
Nightlife Seeker,0.37215005184930017,0.3369738132865554,0.3619447698629482,0.8409460796325751,0.21517649340883166,0.44704142577627126
Nightlife Seeker,0.5340709764954429,0.30153182219326014,0.14868104727645523,0.9890297827896859,0.34434784878293945,0.4847276966618161
Nightlife Seeker,0.5575806353718545,0.19653816337030688,0.1234850898545593,0.9877925022304301,0.3187292822828772,0.5284490679028528
Nightlife Seeker,0.47495535755814766,0.2999433124338683,0.09996738128242261,0.9983612261084293,0.27058664498587276,0.46383277337335355
Nightlife Seeker,0.4623966281792399,0.3212702583721639,0.16506242111675237,0.9447093908299341,0.36797774313332127,0.48023794394032027
Nightlife Seeker,0.47133278783830224,0.24819665554918724,0.259535357719995,0.9355020661425517,0.14805015693428594,0.6057043225818409
Nightlife Seeker,0.613568240361091,0.2519661147409036,0.05067680389115071,1.0,0.1452296139391997,0.5632500479330215
Nightlife Seeker,0.34239169458305313,0.3714077870639447,0.10310624565753751,1.0,0.20114184542691474,0.4236848464482684
Nightlife Seeker,0.46743709496585756,0.35490547655653604,0.20847155624921876,0.9967530384377987,0.35811524676123885,0.3748606710631159
Nightlife Seeker,0.6293770059974899,0.308348475001857,0.12809727613414976,0.8435749099408808,0.18487036873783733,0.5737320089539567
Nightlife Seeker,0.4897960703697973,0.42089239441978776,0.08390594479587529,0.9490328841723156,0.09980852444695049,0.5290905506099974
Nightlife Seeker,0.570950991207784,0.2663390565055157,0.0,0.9659158517437195,0.23493908413868075,0.5323435803969357
Nightlife Seeker,0.5988625753457724,0.2143157056280761,0.25441728843603595,1.0,0.05771299327947866,0.5255721460735182
Nightlife Seeker,0.4596656135193863,0.2934781861518683,0.22781411868306692,0.9110217148709158,0.14594335366707106,0.502732193399042
Nightlife Seeker,0.4130203248909758,0.21313398968918515,0.25434986263652026,0.8580964771873074,0.253305000072737,0.537007303428316
Nightlife Seeker,0.3619354616967523,0.24579482781314757,0.2955287522437898,0.8715067575088254,0.162847659015249,0.5369648714601517
Nightlife Seeker,0.5626712407426077,0.2798768891164403,0.15219918442466868,1.0,0.3391119731038063,0.5783086440625437
Nightlife Seeker,0.506825451405202,0.2353387422687259,0.1335644474754748,0.9918011284212606,0.2334718576710947,0.6121278874357143
Nightlife Seeker,0.5520360074028912,0.17975357585921453,0.28415580941783347,0.8701551498148469,0.16928229824381189,0.5200160165001355
Nightlife Seeker,0.6596533991827171,0.5487934844804289,0.24853784473089463,0.9353442705023689,0.24276045187844403,0.5710124340699069
Nightlife Seeker,0.47434658995542467,0.44361690847298574,0.21840566073531217,0.9898194471273115,0.25327394016435695,0.5337269288491564
Nightlife Seeker,0.567115240037569,0.2506197450762461,0.15533585968431757,0.8619876613622643,0.23516009844961813,0.5623149202809691
Nightlife Seeker,0.5366218292921509,0.433959394667803,0.19955231849367627,1.0,0.11266392990885486,0.4690320238020479
Nightlife Seeker,0.5556430206052622,0.3679281688594515,0.17648264418686543,0.9442720598513547,0.07857010026553525,0.47143766393547126
Nightlife Seeker,0.5712306530815829,0.3460164012885253,0.2400532577104968,0.9539818949744767,0.20056505269025413,0.4471743088421242
Nightlife Seeker,0.5559062736162028,0.33367783555115116,0.23936150783942395,0.9079172125865935,0.027732566410300457,0.5877722169402957
Nightlife Seeker,0.4616930035193277,0.23097793887655033,0.2554783129531195,0.9186389888064695,0.28479491072372976,0.5493604759661358
Nightlife Seeker,0.5546855458560382,0.19072354310395725,0.29695551883091204,0.9709000424987084,0.17045782886030375,0.5114710773873801
Nightlife Seeker,0.3579011813681344,0.3326922249184537,0.11765027934543429,0.8417863771325172,0.07821126510256872,0.5890150699991941
Nightlife Seeker,0.4496589285045769,0.4226982167933199,0.15713588295581618,0.8134113633925643,0.11067804480410728,0.598864929600555
Nightlife Seeker,0.4875281457650666,0.2561370162807519,0.21280145806822304,0.9901426188934036,0.2893919052721969,0.6158799383914341
Nightlife Seeker,0.4712185083368731,0.19391618511343692,0.16692278711013792,0.9708224405266308,0.12289928590315113,0.4234279268083966
Nightlife Seeker,0.5275030305239908,0.2961078118743639,0.20262375963292692,0.8893203732239944,0.1815679428635386,0.42606134845853566
Nightlife Seeker,0.571215872889983,0.3828199467779002,0.0523049710209525,0.8756391311846071,0.08027765959279369,0.44799808524744816
Nightlife Seeker,0.49332496241677115,0.18402838242411756,0.12625121494997496,0.8696834102334801,0.21658138635191554,0.5055475469629
Nightlife Seeker,0.44226099573301975,0.3141456697711518,0.15626559323301878,0.9282675911739157,0.33387616722388297,0.6072368841432279
Nightlife Seeker,0.3960335010457922,0.36637859343033397,0.26491172435932736,0.8581389368997905,0.2655022115003889,0.6230345534730042
Nightlife Seeker,0.4101964155004469,0.2265997743188589,0.2814129173474802,0.9717196248660518,0.24411810201916187,0.5272471373120398
Nightlife Seeker,0.5312556736742515,0.19388222973511335,0.2837854165297159,1.0,0.18164874047455778,0.496521844014891
Nightlife Seeker,0.3775113997955422,0.3411403804814268,0.24576459533713155,0.9450247186400551,0.28994826878964025,0.47327382152160474
Nightlife Seeker,0.545168474071488,0.21842685290463074,0.19811582793006097,0.9360516593677731,0.21802463376327533,0.47043784569333136
Nightlife Seeker,0.48948219234626655,0.36608377371532047,0.1650588610209426,0.8214738319409056,0.33996671233643366,0.6105163262952389
Nightlife Seeker,0.3966189843915505,0.35517662441961556,0.15976201835589257,0.9710789772264847,0.22353793032107952,0.48124737597469425
Nightlife Seeker,0.4372987467530883,0.24475671581469924,0.12670464676150062,0.8834542233415644,0.19462573679605158,0.4427392008711399
Nightlife Seeker,0.5545641652570096,0.41897969242687416,0.15359574069039658,0.9691523600428301,0.23997480882423472,0.537760181673542
Nightlife Seeker,0.506076421433287,0.35941459346877774,0.2385799162144526,0.8509870062138162,0.26953248515114187,0.5709832669813394
Nightlife Seeker,0.4389371116657135,0.30303502683580813,0.25466631942488555,0.9332548944336511,0.285838243821281,0.6891097995695489
Nightlife Seeker,0.4371211173892014,0.189516431747698,0.22430548764839006,1.0,0.18153069009241848,0.6162608530656828
Nightlife Seeker,0.3929115360221401,0.35543348984252887,0.15153113433928855,1.0,0.3594012282534495,0.43866747297733216
Nightlife Seeker,0.4560354291273136,0.36876703095838415,0.16902954801683884,0.9463671025654209,0.20203107364339282,0.3464261475041875
Nightlife Seeker,0.49889298031246104,0.24482177807486608,0.16055017420801826,1.0,0.0994794484576595,0.5650564149398382
Nightlife Seeker,0.4776829655734553,0.27761918652033324,0.2632297516841369,0.9772041035655112,0.2456490397775625,0.5774547728426289
Nightlife Seeker,0.47349532934533417,0.25102106123937995,0.11318795787537617,0.8839671576016835,0.435927554024698,0.5995743664589429
Nightlife Seeker,0.3919140507033583,0.19420336346051437,0.23854928493747932,0.9937811837902373,0.24391070682538915,0.4796035365157042
Nightlife Seeker,0.489963659199768,0.32623036193274857,0.20687144050346645,0.7724559701801972,0.1816160295539845,0.4318874852591749
Nature & Adventure,0.514016913512681,0.43882072020827284,0.9293985332379444,0.17491762510620817,0.37374412015818015,0.938615030976737
Nature & Adventure,0.5336075592361473,0.2485480474572537,1.0,0.10952892517392673,0.33789056614491636,0.825889509601477
Nature & Adventure,0.5444410117073799,0.12650507908111247,0.8666106549115933,0.1763928068609675,0.3780653375475767,0.9734763555153931
Nature & Adventure,0.4003426098842892,0.2043947288799879,0.8432336116200662,0.09931960714597325,0.2826386359660504,0.8753213769235344
Nature & Adventure,0.6941373189076417,0.2346367860288557,0.789790599939661,0.15481807966632463,0.38171066363435185,1.0
Nature & Adventure,0.37312133502096334,0.04960604918887641,1.0,0.23116913418967233,0.23053658144989067,0.9427703268897949
Nature & Adventure,0.2891401808786498,0.2002700405277729,0.9262256938274468,0.2739416111630264,0.21888832381659698,0.9068549729122688
Nature & Adventure,0.425966029915233,0.2204307004539454,0.828372294210958,0.16735193286718236,0.22033476841678165,0.9520908993458926
Nature & Adventure,0.5686760893325332,0.1812303544034069,0.9030590395968023,0.08411268682931648,0.276025868159457,0.8959836306366604
Nature & Adventure,0.709663447282398,0.11104263793806692,1.0,0.27974870187726464,0.3224509123592109,1.0
Nature & Adventure,0.529768437808549,0.2311327356534343,0.8957503477585964,0.2978855105934902,0.3877175387048707,0.849945817000303
Nature & Adventure,0.3944602244320986,0.18376154900834746,0.8359969148481883,0.1949180340307716,0.39899505077473113,0.8634158675930568
Nature & Adventure,0.496574129495074,0.20464181878467164,0.9678744705764228,0.02024885328123159,0.25146397641877627,0.9169026953823578
Nature & Adventure,0.5960063165141489,0.16064780419950359,0.7498757835166501,0.2495769156772909,0.24917100889394964,0.8048266672727711
Nature & Adventure,0.4500523688229421,0.18523797138753204,0.8516204268369431,0.023554715432074474,0.37176529575097056,1.0
Nature & Adventure,0.5521217593071605,0.10898514636601468,0.8838806772841986,0.19947829478164336,0.3479035511649528,0.9534672390974465
Nature & Adventure,0.44126609609772033,0.20655964451308484,0.9365824323692193,0.31646578577174134,0.35636052318597783,0.9631245349900416
Nature & Adventure,0.5067061302343489,0.31283673161628034,0.9327810236767599,0.13111296718611437,0.41226959761001525,0.9558322618031222
Nature & Adventure,0.4645564783097214,0.16164056260806053,0.923726043611261,0.23705478362140678,0.31578338125049654,0.9249046938754308
Nature & Adventure,0.6359965899661104,0.28572345217879086,0.915250847301202,0.2753048464613987,0.2173980877177968,0.9318341639957447
Nature & Adventure,0.6447445079786488,0.1825563283686101,0.8321892857104732,0.14783288891255517,0.2128293570126089,0.8372190473497837
Nature & Adventure,0.47035935211279767,0.08755463846570864,0.9012494667159683,0.2721821739029318,0.22737950558824635,1.0
Nature & Adventure,0.5408633670822076,0.2824464468499246,0.8473732356918291,0.2683620181653293,0.21264528796837495,0.9712198000669208
Nature & Adventure,0.5137471471834825,0.24426009759878273,0.8059524315500118,0.12839441261787163,0.34777825746027075,0.824132159662064
Nature & Adventure,0.5370565033679299,0.09062897548318034,0.9678539370133334,0.10139813481851928,0.34418399501436187,0.9500504746916801
Nature & Adventure,0.444258254525634,0.24656212536677816,0.9208353810666845,0.15689265150458095,0.21931562527390333,0.7429899446661937
Nature & Adventure,0.5279720037839755,0.0748157782910356,0.9076275359553047,0.17892414271342008,0.35433142203505563,0.8758363600408109
Nature & Adventure,0.4736441770922327,0.25854965634306365,0.9268046423267294,0.22529247657462229,0.33754140718468206,0.7771542301434315
Nature & Adventure,0.5605430943989586,0.2489975035210882,0.8186653497138803,0.1804735621060639,0.2968554169897895,0.8892402572478614
Nature & Adventure,0.5267087973254828,0.3145093425464947,0.9865413382138263,0.09502246452548752,0.34976559922448386,1.0
Nature & Adventure,0.5309446816551362,0.28727843401487735,1.0,0.28189676368855854,0.3199446876513383,0.9836070779267803
Nature & Adventure,0.5115910266477512,0.20191224346279646,0.8718868611429014,0.3250730687065687,0.23452570672463988,1.0
Nature & Adventure,0.5399891298992296,0.0880555060158447,0.9294119434393138,0.03199787938787008,0.35004064134648283,0.9708185186391193
Nature & Adventure,0.45261152354783574,0.2098838156764466,1.0,0.15954026365904508,0.21528739303547195,1.0
Nature & Adventure,0.6570069752424635,0.2002956537478278,0.9809170428326686,0.3073180732424705,0.24060126139692928,0.8611755331705706
Nature & Adventure,0.5984699610523788,0.3348011422966808,0.9450304688139484,0.12961485171983567,0.4589648889359553,0.8575223281750428
Nature & Adventure,0.47318897750628386,0.22738702675916972,1.0,0.2683180781241779,0.33318924002895284,0.9370630824094486
Nature & Adventure,0.5034811734914773,0.24465116116148053,0.6976351937844558,0.17627140327441615,0.31930575479334244,0.8079188733104394
Nature & Adventure,0.5309058654249248,0.18364230232111028,1.0,0.32584157801718855,0.262735554470547,0.8879329830746644
Nature & Adventure,0.4940841947513286,0.1638672419072302,0.9156019987222501,0.1393374344889928,0.20955077320499788,0.9498168979120215
Nature & Adventure,0.5503623667377449,0.13565473922720062,0.971628434461008,0.1494737816667735,0.3202532190430385,0.9656275210089965
Nature & Adventure,0.49731099482370295,0.23637927297129077,0.8586856284889943,0.18428267332575224,0.28353124552957276,0.8402737322767809
Nature & Adventure,0.4858580669507374,0.07611053609090028,0.8607077002286316,0.17720996053042634,0.27950561980036953,0.8806802043303377
Nature & Adventure,0.4950588640111897,0.23835532144688512,0.9699613659306018,0.14801878185213865,0.20374393156886844,0.8166364470205518
Nature & Adventure,0.46102376630440584,0.1718462945746793,0.8384003147042034,0.09631066686000846,0.26351033380206496,0.9145141296091177
Nature & Adventure,0.5476023572668451,0.15540615575133432,0.8669601742285253,0.12586413529221516,0.29748486637001786,0.8321257092647348
Nature & Adventure,0.545850225059296,0.05713068064527111,0.8712296262038031,0.22408858713533936,0.31470676130580033,1.0
Nature & Adventure,0.5279840019654326,0.11967563225263922,0.8923628602328741,0.05790029332268385,0.29355202005625913,0.8333555154399394
Nature & Adventure,0.5732312220448129,0.15603677803235722,0.8906587267363802,0.14915537268764772,0.4391081081482665,0.8743005787105671
Nature & Adventure,0.6466045634783362,0.26513214096946136,0.938565338186831,0.2294986517854016,0.3315037838573001,0.7457861936523512
Nature & Adventure,0.4776893284679395,0.26761263769474575,0.8960882253220716,0.087584812255714,0.29580764395380243,1.0
Nature & Adventure,0.5997513372427775,0.19503967925071747,0.9761159421646469,0.17067943837055585,0.16369027305386247,0.8260427209496357
Nature & Adventure,0.6250311014806559,0.17808055345365567,0.8805292816499986,0.17601294429800957,0.45233092716584056,1.0
Nature & Adventure,0.6775024186758507,0.1872763831679959,0.9236499590997677,0.07866859604633672,0.41815475408946196,0.8065776358985652
Nature & Adventure,0.5173420451010103,0.11221579778937248,0.8528906538609043,0.133019005516024,0.25136997914593456,0.8568701837480818
Nature & Adventure,0.45613849640599385,0.2666667129424246,0.8116109765549984,0.21764331416110935,0.39743673218444464,0.8589442908389283
Nature & Adventure,0.44256648874019183,0.18155802998557993,0.9943780166688568,0.21552861047626862,0.2575028564313921,0.9387101320950432
Nature & Adventure,0.4118166280130861,0.25450876083543583,0.9326885846161415,0.1753753223088893,0.2329131361242215,0.8290655262173234
Nature & Adventure,0.5427853869076729,0.29831844019912496,0.8490153802376964,0.23667093628411875,0.13303783851183448,0.853230581547424
Nature & Adventure,0.49751528537032785,0.1272253266414533,0.8250794900168323,0.14657763548248914,0.3233754182661098,0.88501367852749
Family Traveler,0.4209415013340022,0.3303439877891947,0.5514507857714259,0.13661492688428417,0.3801996125819812,0.26002158590786956
Family Traveler,0.5579001714786063,0.6110670222566759,0.5691982550629708,0.13063911877927428,0.611300571206997,0.12955468161542394
Family Traveler,0.661456577330539,0.517231720436503,0.6406614911739671,0.41409901651490616,0.4332709648401129,0.4379757319808887
Family Traveler,0.5770041984479716,0.5229863123522407,0.5963590203759006,0.06606109332815653,0.5544133657408993,0.32636069884584074
Family Traveler,0.4786261042662657,0.5600463334017413,0.5667044476091797,0.009594452876771381,0.5639989713603348,0.4005719373490058
Family Traveler,0.5571731930387022,0.5286762894567696,0.5415234979427621,0.16063374799388958,0.6548406191032163,0.4478887066637129
Family Traveler,0.5859548843600627,0.5534923843806325,0.6078454031631155,0.20366974254904116,0.5424934089913015,0.35960042503018247
Family Traveler,0.5844242163106654,0.4948649458313202,0.6073401987558698,0.1201792317141342,0.5907016765502433,0.31717705465364204
Family Traveler,0.7262494446049748,0.5788359748492174,0.6695323673997517,0.06355683791809034,0.528860733741734,0.37642404465902024
Family Traveler,0.6700837434023835,0.6178136540600786,0.5516815499224617,0.08163610757117223,0.46884126699796524,0.26860231151513014
Family Traveler,0.6797256408463558,0.46268036966174414,0.6512383836160659,0.08475975152017509,0.6259245622577249,0.2081846888147466
Family Traveler,0.606816755970712,0.26070912232794213,0.5850483073470412,0.0,0.6964795613237452,0.3621925882211609
Family Traveler,0.6373336785572865,0.6216804981727504,0.524086678334013,0.23978905583324467,0.6745753251408307,0.2810755770224843
Family Traveler,0.6908496117746356,0.41149651900706924,0.5340388670777861,0.05131282214082397,0.5576817833548787,0.21547538857917978
Family Traveler,0.697846645367626,0.47929164797041346,0.6282003974685504,0.05437189068690556,0.4543517359561186,0.32160458867131375
Family Traveler,0.4470196019664178,0.4945092763131625,0.49053479689337515,0.25898207993846467,0.6729090177739777,0.3084603033017184
Family Traveler,0.7010965342123735,0.43229472180274114,0.6434783502936074,0.11598483469749708,0.6211216065066936,0.40178828000854144
Family Traveler,0.6585993682223842,0.5230978930260018,0.4676090051017363,0.023196296377642905,0.5901832853123421,0.3074697899421321
Family Traveler,0.509583702026086,0.6929341340462737,0.7213115244202858,0.14816946563139868,0.6057629489026995,0.2830232824079078
Family Traveler,0.5238465231982211,0.506198441481509,0.6206202032114201,0.0006591539614700571,0.6267341133795917,0.28757927609402006
Family Traveler,0.4473753953698087,0.43116919913763985,0.5669115573262684,0.2510150125872152,0.6445242499627006,0.1931614744720087
Family Traveler,0.6388829031534109,0.37621568088493074,0.6866152843109659,0.06231002785456972,0.5925091049008663,0.40606373180337524
Family Traveler,0.49702691451326,0.3882305451909607,0.5533120538923196,0.18307030808154534,0.47845231396185256,0.0734275521511544
Family Traveler,0.5639072913272801,0.5441392639928736,0.6960209399791063,0.06294709103316809,0.5670858714307198,0.39231205874045977
Family Traveler,0.4504206640243663,0.46891833798535926,0.6152339111940046,0.13593749770280275,0.5592154645447294,0.3027552809364673
Family Traveler,0.4009338117269608,0.4473401270132921,0.6362806970043574,0.02141647725962564,0.6047187377271678,0.3357498000642158
Family Traveler,0.5725960639313787,0.5136371016797256,0.522981394777231,0.08347109762431627,0.6488172935671378,0.31255783687747474
Family Traveler,0.5530774984348852,0.5179373123432635,0.6571687832509294,0.0,0.6927259251964718,0.2730996209055142
Family Traveler,0.6340391946592184,0.5957797538916182,0.4902661042215627,0.04324471980579628,0.5769161043299436,0.23729971831004573
Family Traveler,0.7387949260669446,0.43145823249385656,0.5555562576410507,0.11635112252823815,0.5038280379139128,0.26834554305949887
Family Traveler,0.625396260900014,0.4733711676493991,0.5925290512880041,0.05765343100413032,0.47884237526553863,0.32572745690713906
Family Traveler,0.7403946457317793,0.501472130462675,0.6180211293798039,0.1554178204093488,0.49845356027626403,0.43620117265036845
Family Traveler,0.6161863037138241,0.6305485519271287,0.5413573603580808,0.245444953804626,0.6620124395227827,0.34424320686818866
Family Traveler,0.6187219563482518,0.48011771055404406,0.6960425326779098,0.11122878958784377,0.44263442371302775,0.21062508306343977
Family Traveler,0.5851323398245802,0.5247999186532444,0.5954729208880083,0.19751766318349306,0.44391185087691,0.3114870349204128
Family Traveler,0.4545616619690276,0.5607769836387335,0.5924433028446398,0.13356879776192945,0.5308893631528186,0.4023571945326201
Family Traveler,0.6833379731247081,0.546683544240951,0.5896386202509247,0.14638858282361059,0.543448594561012,0.36844445272165693
Family Traveler,0.7319584715459136,0.5856488447983349,0.5416318024154072,0.12891338538184824,0.4965486764993082,0.34579122489405406
Family Traveler,0.6360482730290031,0.3504146928374269,0.5070572924870109,0.07734888826049864,0.5759312202287339,0.20324184516649557
Family Traveler,0.6311182983481747,0.520117888715241,0.5844584694417184,0.03953667998733097,0.683896570113325,0.4324325690470636
Family Traveler,0.561315081292277,0.4510266466276143,0.6392966132329597,0.0713576496202411,0.5888482239469413,0.3591722521379737
Family Traveler,0.44725151299941657,0.6054641859882135,0.6058144419463473,0.06708054843502559,0.5928612676622841,0.29699434840164146
Family Traveler,0.4615038957244059,0.6195950581962589,0.6033060505816494,0.13544017043579,0.6761239816459235,0.21830700339517595
Family Traveler,0.6378777519228183,0.4785887127280965,0.6677416620173194,0.0,0.5920724559806985,0.25177434753728306
Family Traveler,0.6345810360507325,0.5376035349894562,0.5433899284142378,0.04302609086591651,0.5911467705154136,0.22826862181478333
Family Traveler,0.6673586956361701,0.4704634239642043,0.36744094245426867,0.07001423547025551,0.5169164943324822,0.16949793476312436
Family Traveler,0.5010058689421942,0.5087526777466376,0.7062912662598585,0.1250547579091984,0.5514797289427408,0.33647233561365625
Family Traveler,0.5632727751824806,0.44443197046694843,0.5076509865413612,0.0,0.5688061034752444,0.31264427919361054
Family Traveler,0.5922701063988088,0.4667226457642113,0.5243403151442575,0.14865969533479748,0.4946294464042732,0.362082233107478
Family Traveler,0.519822638485862,0.4398051810117572,0.4826571847507458,0.059887828249149073,0.6780249966782382,0.3412502470755165
Family Traveler,0.6782737689622428,0.5417714036747149,0.5117064137175704,0.07353686205379542,0.537584069670603,0.40644599232312323
Family Traveler,0.5042569082858951,0.5714958151511289,0.6714363096087015,0.24636961613728697,0.5672250725896402,0.35698577276641297
Family Traveler,0.7825321469231074,0.45058866584530427,0.4771967801974112,0.0,0.6570169623089065,0.14934798335531327
Family Traveler,0.5702144757649662,0.5349850549631169,0.6148140429463931,0.1340355891347338,0.6177831884640683,0.4023092650650715
Family Traveler,0.5238146895408963,0.4458403889233175,0.5381872443783341,0.1664153449490088,0.6720318870716051,0.3360980255454806
Family Traveler,0.6946794933511942,0.40575673060988954,0.7333779289240909,0.22185908973698062,0.6588497597796598,0.4425439127016848
Family Traveler,0.4674701433857781,0.45804414909898783,0.5411757231454438,0.15771834590058748,0.5159887408318283,0.36059961194699885
Family Traveler,0.709642891519737,0.55561623200672,0.62270008189292,0.02097013272794007,0.5322519227099708,0.3999695124237333
Family Traveler,0.6623479203124266,0.49687843844979646,0.5665672363387287,0.0,0.5143318065052449,0.45291352697117787
Family Traveler,0.49756355431980265,0.5151583856976865,0.6805955178556159,0.0,0.6147768379824866,0.3750332430008524
